0.00, 0
0.01, 0
0.02, 0
0.03, 0
0.04, 0
0.05, 0
0.06, 0
0.07, 41
0.08, 12
0.09, 10
0.10, 18
0.11, 17
0.12, 31
0.13, 43
0.14, 68
0.15, 79
0.16, 81
0.17, 91
0.18, 70
0.19, 58
0.20, 69
0.21, 75
0.22, 108
0.23, 187
0.24, 376
0.25, 668
0.26, 999
0.27, 1299
0.28, 1391
0.29, 1237
0.30, 870
0.31, 518
0.32, 258
0.33, 112
0.34, 60
0.35, 49
0.36, 50
0.37, 65
0.38, 76
0.39, 74
0.40, 87
0.41, 81
0.42, 69
0.43, 92
0.44, 105
0.45, 104
0.46, 147
0.47, 214
0.48, 300
0.49, 492
0.50, 786
0.51, 1137
0.52, 1451
0.53, 1553
0.54, 1499
0.55, 1141
0.56, 789
0.57, 472
0.58, 270
0.59, 149
0.60, 130
0.61, 89
0.62, 96
0.63, 69
0.64, 83
0.65, 77
0.66, 61
0.67, 86
0.68, 88
0.69, 100
0.70, 98
0.71, 90
0.72, 99
0.73, 104
0.74, 87
0.75, 110
0.76, 104
0.77, 119
0.78, 121
0.79, 133
0.80, 114
0.81, 105
0.82, 113
0.83, 97
0.84, 104
0.85, 121
0.86, 120
0.87, 103
0.88, 105
0.89, 117
0.90, 114
0.91, 110
0.92, 123
0.93, 114
0.94, 140
0.95, 125
0.96, 131
0.97, 128
0.98, 135
0.99, 139
1.00, 140
1.01, 130
1.02, 125
1.03, 143
1.04, 123
1.05, 120
1.06, 130
1.07, 138
1.08, 134
1.09, 134
1.10, 122
1.11, 141
1.12, 136
1.13, 118
1.14, 108
1.15, 119
1.16, 118
1.17, 129
1.18, 126
1.19, 112
1.20, 141
1.21, 126
1.22, 123
1.23, 118
1.24, 134
1.25, 123
1.26, 143
1.27, 123
1.28, 139
1.29, 134
1.30, 128
1.31, 127
1.32, 134
1.33, 104
1.34, 128
1.35, 118
1.36, 122
1.37, 114
1.38, 130
1.39, 121
1.40, 124
1.41, 120
1.42, 138
1.43, 142
1.44, 184
1.45, 235
1.46, 331
1.47, 420
1.48, 500
1.49, 536
1.50, 539
1.51, 511
1.52, 466
1.53, 372
1.54, 295
1.55, 236
1.56, 149
1.57, 144
1.58, 129
1.59, 146
1.60, 120
1.61, 126
1.62, 106
1.63, 109
1.64, 103
1.65, 126
1.66, 146
1.67, 123
1.68, 142
1.69, 147
1.70, 200
1.71, 274
1.72, 267
1.73, 366
1.74, 361
1.75, 349
1.76, 350
1.77, 307
1.78, 253
1.79, 229
1.80, 166
1.81, 143
1.82, 138
1.83, 115
1.84, 102
1.85, 119
1.86, 100
1.87, 92
1.88, 85
1.89, 91
1.90, 93
1.91, 87
1.92, 91
1.93, 76
1.94, 96
1.95, 101
1.96, 98
1.97, 111
1.98, 100
1.99, 101
2.00, 100
2.01, 119
2.02, 107
2.03, 107
2.04, 112
2.05, 125
2.06, 95
2.07, 108
2.08, 98
2.09, 104
2.10, 129
2.11, 123
2.12, 153
2.13, 189
2.14, 257
2.15, 354
2.16, 456
2.17, 644
2.18, 716
2.19, 914
2.20, 1016
2.21, 1058
2.22, 1085
2.23, 1014
2.24, 948
2.25, 917
2.26, 831
2.27, 918
2.28, 1051
2.29, 1109
2.30, 1100
2.31, 1094
2.32, 1129
2.33, 877
2.34, 854
2.35, 610
2.36, 498
2.37, 340
2.38, 270
2.39, 180
2.40, 125
2.41, 123
2.42, 99
2.43, 94
2.44, 97
2.45, 111
2.46, 102
2.47, 115
2.48, 120
2.49, 122
2.50, 134
2.51, 107
2.52, 99
2.53, 112
2.54, 89
2.55, 94
2.56, 77
2.57, 62
2.58, 66
2.59, 68
2.60, 57
2.61, 61
2.62, 61
2.63, 82
2.64, 73
2.65, 65
2.66, 56
2.67, 66
2.68, 84
2.69, 59
2.70, 66
2.71, 55
2.72, 65
2.73, 79
2.74, 56
2.75, 57
2.76, 53
2.77, 43
2.78, 60
2.79, 61
2.80, 50
2.81, 51
2.82, 42
2.83, 61
2.84, 59
2.85, 64
2.86, 66
2.87, 75
2.88, 83
2.89, 65
2.90, 63
2.91, 52
2.92, 59
2.93, 68
2.94, 50
2.95, 53
2.96, 64
2.97, 58
2.98, 59
2.99, 46
3.00, 60
3.01, 71
3.02, 45
3.03, 47
3.04, 47
3.05, 40
3.06, 42
3.07, 56
3.08, 38
3.09, 40
3.10, 68
3.11, 48
3.12, 68
3.13, 53
3.14, 42
3.15, 45
3.16, 57
3.17, 46
3.18, 46
3.19, 44
3.20, 34
3.21, 36
3.22, 39
3.23, 31
3.24, 54
3.25, 42
3.26, 47
3.27, 50
3.28, 44
3.29, 51
3.30, 47
3.31, 58
3.32, 49
3.33, 45
3.34, 38
3.35, 49
3.36, 50
3.37, 53
3.38, 55
3.39, 52
3.40, 52
3.41, 40
3.42, 46
3.43, 46
3.44, 54
3.45, 44
3.46, 52
3.47, 45
3.48, 31
3.49, 45
3.50, 50
3.51, 34
3.52, 49
3.53, 34
3.54, 63
3.55, 46
3.56, 40
3.57, 47
3.58, 37
3.59, 43
3.60, 37
3.61, 51
3.62, 47
3.63, 61
3.64, 46
3.65, 60
3.66, 46
3.67, 67
3.68, 58
3.69, 66
3.70, 71
3.71, 66
3.72, 78
3.73, 60
3.74, 63
3.75, 49
3.76, 64
3.77, 61
3.78, 48
3.79, 38
3.80, 36
3.81, 40
3.82, 36
3.83, 44
3.84, 30
3.85, 26
3.86, 43
3.87, 48
3.88, 41
3.89, 35
3.90, 39
3.91, 29
3.92, 40
3.93, 38
3.94, 41
3.95, 50
3.96, 34
3.97, 52
3.98, 32
3.99, 41
4.00, 40
4.01, 38
4.02, 57
4.03, 46
4.04, 44
4.05, 40
4.06, 35
4.07, 29
4.08, 36
4.09, 30
4.10, 32
4.11, 31
4.12, 38
4.13, 40
4.14, 43
4.15, 42
4.16, 22
4.17, 42
4.18, 36
4.19, 31
4.20, 40
4.21, 44
4.22, 44
4.23, 30
4.24, 39
4.25, 30
4.26, 34
4.27, 27
4.28, 23
4.29, 33
4.30, 33
4.31, 31
4.32, 34
4.33, 24
4.34, 24
4.35, 36
4.36, 46
4.37, 46
4.38, 42
4.39, 28
4.40, 47
4.41, 36
4.42, 38
4.43, 42
4.44, 26
4.45, 32
4.46, 49
4.47, 31
4.48, 35
4.49, 52
4.50, 48
4.51, 40
4.52, 44
4.53, 43
4.54, 43
4.55, 35
4.56, 26
4.57, 34
4.58, 33
4.59, 28
4.60, 39
4.61, 26
4.62, 27
4.63, 32
4.64, 32
4.65, 35
4.66, 38
4.67, 29
4.68, 32
4.69, 25
4.70, 35
4.71, 27
4.72, 30
4.73, 37
4.74, 19
4.75, 34
4.76, 35
4.77, 31
4.78, 39
4.79, 34
4.80, 37
4.81, 30
4.82, 24
4.83, 29
4.84, 33
4.85, 33
4.86, 33
4.87, 31
4.88, 21
4.89, 36
4.90, 23
4.91, 32
4.92, 32
4.93, 33
4.94, 32
4.95, 50
4.96, 25
4.97, 27
4.98, 30
4.99, 25
5.00, 28
5.01, 32
5.02, 23
5.03, 35
5.04, 25
5.05, 25
5.06, 26
5.07, 27
5.08, 22
5.09, 16
5.10, 32
5.11, 18
5.12, 33
5.13, 24
5.14, 32
5.15, 21
5.16, 33
5.17, 29
5.18, 27
5.19, 22
5.20, 23
5.21, 25
5.22, 21
5.23, 29
5.24, 21
5.25, 21
5.26, 21
5.27, 26
5.28, 37
5.29, 24
5.30, 14
5.31, 25
5.32, 16
5.33, 18
5.34, 28
5.35, 31
5.36, 21
5.37, 24
5.38, 35
5.39, 26
5.40, 23
5.41, 35
5.42, 27
5.43, 20
5.44, 29
5.45, 18
5.46, 23
5.47, 14
5.48, 22
5.49, 24
5.50, 17
5.51, 19
5.52, 22
5.53, 15
5.54, 21
5.55, 21
5.56, 27
5.57, 25
5.58, 29
5.59, 26
5.60, 18
5.61, 20
5.62, 24
5.63, 16
5.64, 20
5.65, 16
5.66, 23
5.67, 17
5.68, 14
5.69, 15
5.70, 12
5.71, 21
5.72, 15
5.73, 11
5.74, 23
5.75, 20
5.76, 17
5.77, 11
5.78, 19
5.79, 18
5.80, 19
5.81, 23
5.82, 22
5.83, 15
5.84, 22
5.85, 19
5.86, 27
5.87, 14
5.88, 17
5.89, 12
5.90, 21
5.91, 13
5.92, 14
5.93, 16
5.94, 19
5.95, 17
5.96, 22
5.97, 11
5.98, 16
5.99, 12
6.00, 15
6.01, 17
6.02, 14
6.03, 21
6.04, 22
6.05, 18
6.06, 15
6.07, 9
6.08, 17
6.09, 15
6.10, 10
6.11, 10
6.12, 11
6.13, 16
6.14, 13
6.15, 21
6.16, 12
6.17, 9
6.18, 16
6.19, 23
6.20, 16
6.21, 13
6.22, 9
6.23, 17
6.24, 18
6.25, 18
6.26, 14
6.27, 11
6.28, 16
6.29, 13
6.30, 20
6.31, 11
6.32, 17
6.33, 9
6.34, 14
6.35, 11
6.36, 14
6.37, 17
6.38, 11
6.39, 19
6.40, 12
6.41, 11
6.42, 9
6.43, 20
6.44, 25
6.45, 14
6.46, 18
6.47, 12
6.48, 12
6.49, 21
6.50, 13
6.51, 11
6.52, 12
6.53, 10
6.54, 9
6.55, 7
6.56, 17
6.57, 16
6.58, 16
6.59, 7
6.60, 16
6.61, 9
6.62, 16
6.63, 13
6.64, 11
6.65, 10
6.66, 14
6.67, 16
6.68, 10
6.69, 14
6.70, 14
6.71, 15
6.72, 11
6.73, 16
6.74, 6
6.75, 4
6.76, 9
6.77, 15
6.78, 9
6.79, 11
6.80, 12
6.81, 17
6.82, 9
6.83, 10
6.84, 12
6.85, 12
6.86, 7
6.87, 15
6.88, 11
6.89, 11
6.90, 8
6.91, 10
6.92, 6
6.93, 6
6.94, 12
6.95, 8
6.96, 14
6.97, 17
6.98, 15
6.99, 10
7.00, 8
7.01, 9
7.02, 12
7.03, 7
7.04, 9
7.05, 5
7.06, 9
7.07, 14
7.08, 11
7.09, 15
7.10, 8
7.11, 7
7.12, 17
7.13, 6
7.14, 7
7.15, 7
7.16, 10
7.17, 14
7.18, 7
7.19, 3
7.20, 5
7.21, 11
7.22, 6
7.23, 11
7.24, 10
7.25, 12
7.26, 8
7.27, 8
7.28, 6
7.29, 10
7.30, 10
7.31, 9
7.32, 9
7.33, 16
7.34, 7
7.35, 6
7.36, 7
7.37, 3
7.38, 6
7.39, 4
7.40, 7
7.41, 6
7.42, 13
7.43, 7
7.44, 8
7.45, 3
7.46, 10
7.47, 5
7.48, 9
7.49, 5
7.50, 8
7.51, 9
7.52, 8
7.53, 12
7.54, 6
7.55, 5
7.56, 8
7.57, 4
7.58, 11
7.59, 4
7.60, 5
7.61, 4
7.62, 6
7.63, 3
7.64, 10
7.65, 4
7.66, 4
7.67, 7
7.68, 8
7.69, 4
7.70, 5
7.71, 6
7.72, 8
7.73, 7
7.74, 5
7.75, 7
7.76, 3
7.77, 7
7.78, 4
7.79, 5
7.80, 6
7.81, 4
7.82, 9
7.83, 7
7.84, 3
7.85, 4
7.86, 4
7.87, 3
7.88, 5
7.89, 4
7.90, 3
7.91, 5
7.92, 2
7.93, 6
7.94, 4
7.95, 8
7.96, 5
7.97, 6
7.98, 4
7.99, 5
8.00, 5
8.01, 5
8.02, 7
8.03, 11
8.04, 10
8.05, 9
8.06, 6
8.07, 7
8.08, 5
8.09, 4
8.10, 10
8.11, 5
8.12, 6
8.13, 5
8.14, 5
8.15, 3
8.16, 5
8.17, 6
8.18, 3
8.19, 8
8.20, 7
8.21, 3
8.22, 6
8.23, 5
8.24, 8
8.25, 9
8.26, 5
8.27, 2
8.28, 4
8.29, 3
8.30, 2
8.31, 1
8.32, 7
8.33, 9
8.34, 6
8.35, 6
8.36, 7
8.37, 4
8.38, 5
8.39, 2
8.40, 5
8.41, 4
8.42, 7
8.43, 5
8.44, 3
8.45, 4
8.46, 5
8.47, 3
8.48, 1
8.49, 2
8.50, 2
8.51, 6
8.52, 3
8.53, 1
8.54, 7
8.55, 4
8.56, 9
8.57, 4
8.58, 4
8.59, 5
8.60, 0
8.61, 4
8.62, 2
8.63, 6
8.64, 2
8.65, 7
8.66, 2
8.67, 11
8.68, 2
8.69, 3
8.70, 3
8.71, 6
8.72, 2
8.73, 4
8.74, 4
8.75, 8
8.76, 5
8.77, 7
8.78, 2
8.79, 2
8.80, 1
8.81, 5
8.82, 3
8.83, 2
8.84, 8
8.85, 8
8.86, 4
8.87, 4
8.88, 1
8.89, 8
8.90, 4
8.91, 3
8.92, 7
8.93, 4
8.94, 1
8.95, 6
8.96, 3
8.97, 5
8.98, 0
8.99, 10
9.00, 5
9.01, 5
9.02, 3
9.03, 5
9.04, 5
9.05, 5
9.06, 2
9.07, 3
9.08, 4
9.09, 3
9.10, 7
9.11, 9
9.12, 1
9.13, 1
9.14, 5
9.15, 2
9.16, 3
9.17, 3
9.18, 8
9.19, 6
9.20, 4
9.21, 1
9.22, 3
9.23, 7
9.24, 3
9.25, 5
9.26, 3
9.27, 3
9.28, 7
9.29, 6
9.30, 6
9.31, 2
9.32, 2
9.33, 2
9.34, 4
9.35, 5
9.36, 3
9.37, 5
9.38, 1
9.39, 5
9.40, 0
9.41, 2
9.42, 4
9.43, 5
9.44, 1
9.45, 4
9.46, 6
9.47, 5
9.48, 4
9.49, 5
9.50, 2
9.51, 4
9.52, 3
9.53, 7
9.54, 3
9.55, 1
9.56, 6
9.57, 8
9.58, 2
9.59, 2
9.60, 2
9.61, 3
9.62, 1
9.63, 7
9.64, 0
9.65, 2
9.66, 7
9.67, 3
9.68, 5
9.69, 1
9.70, 4
9.71, 1
9.72, 1
9.73, 4
9.74, 0
9.75, 2
9.76, 4
9.77, 6
9.78, 4
9.79, 1
9.80, 3
9.81, 4
9.82, 5
9.83, 1
9.84, 3
9.85, 3
9.86, 1
9.87, 5
9.88, 3
9.89, 11
9.90, 5
9.91, 5
9.92, 5
9.93, 4
9.94, 2
9.95, 2
9.96, 6
9.97, 3
9.98, 4
9.99, 4
10.00, 8
10.01, 6
10.02, 5
10.03, 1
10.04, 3
10.05, 6
10.06, 6
10.07, 4
10.08, 3
10.09, 5
10.10, 10
10.11, 3
10.12, 6
10.13, 6
10.14, 1
10.15, 5
10.16, 5
10.17, 3
10.18, 7
10.19, 3
10.20, 7
10.21, 3
10.22, 6
10.23, 1
10.24, 5
10.25, 4
10.26, 4
10.27, 5
10.28, 8
10.29, 7
10.30, 3
10.31, 4
10.32, 4
10.33, 5
10.34, 1
10.35, 1
10.36, 2
10.37, 2
10.38, 5
10.39, 3
10.40, 4
10.41, 4
10.42, 6
10.43, 2
10.44, 4
10.45, 3
10.46, 2
10.47, 2
10.48, 4
10.49, 3
10.50, 3
10.51, 2
10.52, 4
10.53, 6
10.54, 6
10.55, 5
10.56, 2
10.57, 6
10.58, 4
10.59, 5
10.60, 4
10.61, 4
10.62, 4
10.63, 6
10.64, 1
10.65, 4
10.66, 5
10.67, 6
10.68, 3
10.69, 1
10.70, 2
10.71, 4
10.72, 3
10.73, 9
10.74, 2
10.75, 1
10.76, 8
10.77, 1
10.78, 1
10.79, 6
10.80, 5
10.81, 3
10.82, 1
10.83, 5
10.84, 5
10.85, 4
10.86, 6
10.87, 1
10.88, 8
10.89, 3
10.90, 1
10.91, 5
10.92, 5
10.93, 4
10.94, 4
10.95, 2
10.96, 3
10.97, 3
10.98, 3
10.99, 6
11.00, 2
11.01, 3
11.02, 2
11.03, 2
11.04, 3
11.05, 6
11.06, 6
11.07, 4
11.08, 4
11.09, 5
11.10, 3
11.11, 2
11.12, 3
11.13, 4
11.14, 0
11.15, 2
11.16, 4
11.17, 3
11.18, 6
11.19, 3
11.20, 3
11.21, 3
11.22, 4
11.23, 1
11.24, 9
11.25, 5
11.26, 2
11.27, 3
11.28, 4
11.29, 0
11.30, 4
11.31, 3
11.32, 1
11.33, 4
11.34, 5
11.35, 1
11.36, 6
11.37, 0
11.38, 9
11.39, 2
11.40, 4
11.41, 5
11.42, 3
11.43, 5
11.44, 4
11.45, 4
11.46, 6
11.47, 3
11.48, 2
11.49, 2
11.50, 5
11.51, 3
11.52, 2
11.53, 3
11.54, 4
11.55, 2
11.56, 1
11.57, 2
11.58, 4
11.59, 2
11.60, 2
11.61, 3
11.62, 2
11.63, 6
11.64, 4
11.65, 3
11.66, 1
11.67, 4
11.68, 1
11.69, 1
11.70, 5
11.71, 7
11.72, 2
11.73, 2
11.74, 3
11.75, 5
11.76, 5
11.77, 4
11.78, 2
11.79, 2
11.80, 2
11.81, 2
11.82, 3
11.83, 4
11.84, 3
11.85, 1
11.86, 6
11.87, 4
11.88, 3
11.89, 4
11.90, 6
11.91, 2
11.92, 3
11.93, 3
11.94, 2
11.95, 6
11.96, 3
11.97, 4
11.98, 1
11.99, 4
12.00, 3
12.01, 1
12.02, 7
12.03, 3
12.04, 4
12.05, 0
12.06, 3
12.07, 4
12.08, 5
12.09, 2
12.10, 6
12.11, 5
12.12, 8
12.13, 2
12.14, 7
12.15, 4
12.16, 0
12.17, 2
12.18, 2
12.19, 6
12.20, 0
12.21, 2
12.22, 3
12.23, 6
12.24, 2
12.25, 2
12.26, 2
12.27, 2
12.28, 2
12.29, 6
12.30, 5
12.31, 2
12.32, 4
12.33, 3
12.34, 4
12.35, 5
12.36, 5
12.37, 5
12.38, 7
12.39, 5
12.40, 2
12.41, 3
12.42, 4
12.43, 3
12.44, 3
12.45, 0
12.46, 1
12.47, 5
12.48, 1
12.49, 3
12.50, 3
12.51, 2
12.52, 3
12.53, 5
12.54, 4
12.55, 4
12.56, 1
12.57, 3
12.58, 2
12.59, 4
12.60, 2
12.61, 3
12.62, 3
12.63, 3
12.64, 4
12.65, 5
12.66, 2
12.67, 2
12.68, 1
12.69, 1
12.70, 3
12.71, 2
12.72, 1
12.73, 3
12.74, 1
12.75, 5
12.76, 3
12.77, 6
12.78, 5
12.79, 1
12.80, 1
12.81, 2
12.82, 4
12.83, 6
12.84, 6
12.85, 5
12.86, 3
12.87, 3
12.88, 4
12.89, 1
12.90, 3
12.91, 0
12.92, 4
12.93, 5
12.94, 4
12.95, 1
12.96, 4
12.97, 6
12.98, 2
12.99, 6
13.00, 4
13.01, 2
13.02, 2
13.03, 4
13.04, 4
13.05, 3
13.06, 3
13.07, 3
13.08, 2
13.09, 3
13.10, 2
13.11, 5
13.12, 4
13.13, 2
13.14, 4
13.15, 6
13.16, 4
13.17, 4
13.18, 2
13.19, 2
13.20, 2
13.21, 5
13.22, 8
13.23, 3
13.24, 7
13.25, 2
13.26, 5
13.27, 1
13.28, 5
13.29, 2
13.30, 1
13.31, 4
13.32, 4
13.33, 4
13.34, 1
13.35, 4
13.36, 1
13.37, 1
13.38, 4
13.39, 3
13.40, 1
13.41, 5
13.42, 2
13.43, 8
13.44, 2
13.45, 5
13.46, 3
13.47, 3
13.48, 0
13.49, 7
13.50, 3
13.51, 5
13.52, 1
13.53, 3
13.54, 1
13.55, 3
13.56, 4
13.57, 4
13.58, 0
13.59, 4
13.60, 3
13.61, 8
13.62, 2
13.63, 3
13.64, 3
13.65, 2
13.66, 4
13.67, 3
13.68, 3
13.69, 2
13.70, 7
13.71, 2
13.72, 7
13.73, 2
13.74, 3
13.75, 2
13.76, 3
13.77, 4
13.78, 0
13.79, 2
13.80, 3
13.81, 7
13.82, 2
13.83, 4
13.84, 6
13.85, 6
13.86, 1
13.87, 0
13.88, 5
13.89, 3
13.90, 5
13.91, 2
13.92, 5
13.93, 7
13.94, 7
13.95, 0
13.96, 1
13.97, 4
13.98, 3
13.99, 2
14.00, 5
14.01, 4
14.02, 4
14.03, 4
14.04, 6
14.05, 2
14.06, 3
14.07, 2
14.08, 4
14.09, 4
14.10, 1
14.11, 4
14.12, 4
14.13, 4
14.14, 5
14.15, 1
14.16, 0
14.17, 0
14.18, 2
14.19, 3
14.20, 3
14.21, 3
14.22, 6
14.23, 3
14.24, 1
14.25, 3
14.26, 4
14.27, 2
14.28, 4
14.29, 5
14.30, 4
14.31, 2
14.32, 4
14.33, 4
14.34, 4
14.35, 3
14.36, 6
14.37, 5
14.38, 3
14.39, 4
14.40, 5
14.41, 3
14.42, 1
14.43, 5
14.44, 6
14.45, 0
14.46, 2
14.47, 0
14.48, 3
14.49, 7
14.50, 6
14.51, 1
14.52, 3
14.53, 3
14.54, 10
14.55, 3
14.56, 3
14.57, 3
14.58, 6
14.59, 2
14.60, 1
14.61, 2
14.62, 3
14.63, 4
14.64, 3
14.65, 2
14.66, 8
14.67, 1
14.68, 9
14.69, 3
14.70, 3
14.71, 2
14.72, 4
14.73, 5
14.74, 4
14.75, 4
14.76, 4
14.77, 2
14.78, 3
14.79, 9
14.80, 3
14.81, 1
14.82, 4
14.83, 2
14.84, 4
14.85, 4
14.86, 4
14.87, 4
14.88, 3
14.89, 1
14.90, 5
14.91, 5
14.92, 1
14.93, 7
14.94, 6
14.95, 2
14.96, 4
14.97, 4
14.98, 2
14.99, 6
15.00, 3
15.01, 3
15.02, 4
15.03, 4
15.04, 4
15.05, 2
15.06, 4
15.07, 1
15.08, 4
15.09, 3
15.10, 3
15.11, 3
15.12, 1
15.13, 4
15.14, 4
15.15, 2
15.16, 4
15.17, 1
15.18, 2
15.19, 3
15.20, 4
15.21, 9
15.22, 3
15.23, 3
15.24, 4
15.25, 2
15.26, 3
15.27, 2
15.28, 5
15.29, 4
15.30, 6
15.31, 7
15.32, 1
15.33, 2
15.34, 3
15.35, 3
15.36, 3
15.37, 0
15.38, 0
15.39, 6
15.40, 4
15.41, 1
15.42, 2
15.43, 4
15.44, 1
15.45, 4
15.46, 4
15.47, 2
15.48, 6
15.49, 1
15.50, 0
15.51, 3
15.52, 4
15.53, 6
15.54, 5
15.55, 2
15.56, 3
15.57, 2
15.58, 3
15.59, 1
15.60, 8
15.61, 3
15.62, 5
15.63, 1
15.64, 5
15.65, 2
15.66, 2
15.67, 1
15.68, 3
15.69, 1
15.70, 3
15.71, 4
15.72, 4
15.73, 8
15.74, 2
15.75, 2
15.76, 0
15.77, 2
15.78, 3
15.79, 0
15.80, 3
15.81, 6
15.82, 2
15.83, 2
15.84, 0
15.85, 2
15.86, 2
15.87, 1
15.88, 4
15.89, 3
15.90, 7
15.91, 1
15.92, 3
15.93, 4
15.94, 4
15.95, 3
15.96, 2
15.97, 1
15.98, 3
15.99, 4
16.00, 5
16.01, 8
16.02, 0
16.03, 0
16.04, 3
16.05, 1
16.06, 3
16.07, 2
16.08, 1
16.09, 6
16.10, 4
16.11, 1
16.12, 2
16.13, 2
16.14, 0
16.15, 3
16.16, 3
16.17, 3
16.18, 2
16.19, 2
16.20, 1
16.21, 2
16.22, 5
16.23, 1
16.24, 0
16.25, 1
16.26, 4
16.27, 2
16.28, 7
16.29, 3
16.30, 2
16.31, 2
16.32, 3
16.33, 3
16.34, 1
16.35, 5
16.36, 5
16.37, 4
16.38, 3
16.39, 0
16.40, 1
16.41, 2
16.42, 2
16.43, 3
16.44, 2
16.45, 1
16.46, 6
16.47, 3
16.48, 2
16.49, 0
16.50, 5
16.51, 5
16.52, 3
16.53, 3
16.54, 0
16.55, 1
16.56, 1
16.57, 1
16.58, 3
16.59, 2
16.60, 3
16.61, 3
16.62, 1
16.63, 3
16.64, 4
16.65, 6
16.66, 1
16.67, 2
16.68, 1
16.69, 1
16.70, 4
16.71, 2
16.72, 1
16.73, 2
16.74, 1
16.75, 6
16.76, 4
16.77, 2
16.78, 1
16.79, 2
16.80, 5
16.81, 1
16.82, 1
16.83, 0
16.84, 1
16.85, 2
16.86, 0
16.87, 3
16.88, 3
16.89, 4
16.90, 1
16.91, 2
16.92, 2
16.93, 2
16.94, 1
16.95, 4
16.96, 1
16.97, 3
16.98, 1
16.99, 3
17.00, 3
17.01, 1
17.02, 3
17.03, 1
17.04, 3
17.05, 1
17.06, 4
17.07, 2
17.08, 4
17.09, 1
17.10, 4
17.11, 3
17.12, 0
17.13, 2
17.14, 0
17.15, 3
17.16, 2
17.17, 1
17.18, 2
17.19, 2
17.20, 1
17.21, 2
17.22, 2
17.23, 1
17.24, 2
17.25, 0
17.26, 1
17.27, 3
17.28, 4
17.29, 0
17.30, 2
17.31, 1
17.32, 2
17.33, 0
17.34, 4
17.35, 4
17.36, 3
17.37, 2
17.38, 2
17.39, 2
17.40, 1
17.41, 5
17.42, 2
17.43, 3
17.44, 1
17.45, 2
17.46, 4
17.47, 0
17.48, 1
17.49, 1
17.50, 3
17.51, 5
17.52, 1
17.53, 3
17.54, 0
17.55, 2
17.56, 1
17.57, 1
17.58, 1
17.59, 2
17.60, 2
17.61, 4
17.62, 1
17.63, 1
17.64, 3
17.65, 3
17.66, 3
17.67, 1
17.68, 0
17.69, 4
17.70, 1
17.71, 2
17.72, 5
17.73, 0
17.74, 0
17.75, 2
17.76, 2
17.77, 0
17.78, 1
17.79, 3
17.80, 0
17.81, 0
17.82, 3
17.83, 1
17.84, 2
17.85, 1
17.86, 1
17.87, 1
17.88, 2
17.89, 0
17.90, 2
17.91, 1
17.92, 1
17.93, 1
17.94, 1
17.95, 2
17.96, 1
17.97, 1
17.98, 1
17.99, 2
18.00, 2
18.01, 1
18.02, 0
18.03, 1
18.04, 1
18.05, 1
18.06, 0
18.07, 2
18.08, 2
18.09, 1
18.10, 0
18.11, 2
18.12, 0
18.13, 1
18.14, 0
18.15, 1
18.16, 1
18.17, 3
18.18, 1
18.19, 0
18.20, 0
18.21, 1
18.22, 0
18.23, 3
18.24, 1
18.25, 2
18.26, 2
18.27, 0
18.28, 1
18.29, 0
18.30, 0
18.31, 0
18.32, 0
18.33, 0
18.34, 0
18.35, 0
18.36, 0
18.37, 1
18.38, 0
18.39, 2
18.40, 1
18.41, 0
18.42, 2
18.43, 0
18.44, 0
18.45, 0
18.46, 0
18.47, 1
18.48, 0
18.49, 0
18.50, 0
18.51, 0
18.52, 1
18.53, 0
18.54, 0
18.55, 1
18.56, 0
18.57, 2
18.58, 2
18.59, 1
18.60, 0
18.61, 0
18.62, 2
18.63, 0
18.64, 1
18.65, 0
18.66, 0
18.67, 0
18.68, 1
18.69, 1
18.70, 0
18.71, 0
18.72, 0
18.73, 0
18.74, 2
18.75, 0
18.76, 0
18.77, 0
18.78, 0
18.79, 1
18.80, 0
18.81, 0
18.82, 1
18.83, 0
18.84, 0
18.85, 0
18.86, 0
18.87, 0
18.88, 1
18.89, 0
18.90, 0
18.91, 1
18.92, 0
18.93, 0
18.94, 0
18.95, 1
18.96, 0
18.97, 0
18.98, 0
18.99, 0
19.00, 0
19.01, 0
19.02, 0
19.03, 0
19.04, 1
19.05, 0
19.06, 0
19.07, 2
19.08, 0
19.09, 0
19.10, 0
19.11, 0
19.12, 0
19.13, 1
19.14, 0
19.15, 0
19.16, 0
19.17, 0
19.18, 0
19.19, 0
19.20, 0
19.21, 0
19.22, 1
19.23, 0
19.24, 0
19.25, 0
19.26, 0
19.27, 0
19.28, 0
19.29, 0
19.30, 0
19.31, 0
19.32, 0
19.33, 0
19.34, 0
19.35, 1
19.36, 0
19.37, 0
19.38, 0
19.39, 0
19.40, 0
19.41, 0
19.42, 0
19.43, 0
19.44, 0
19.45, 0
19.46, 0
19.47, 0
19.48, 0
19.49, 0
19.50, 0
19.51, 0
19.52, 0
19.53, 0
19.54, 0
19.55, 0
19.56, 0
19.57, 0
19.58, 0
19.59, 0
19.60, 0
19.61, 0
19.62, 0
19.63, 0
19.64, 0
19.65, 0
19.66, 0
19.67, 0
19.68, 0
19.69, 0
19.70, 0
19.71, 0
19.72, 0
19.73, 0
19.74, 0
19.75, 0
19.76, 0
19.77, 0
19.78, 0
19.79, 0
19.80, 0
19.81, 0
19.82, 0
19.83, 0
19.84, 0
19.85, 0
19.86, 0
19.87, 0
19.88, 0
19.89, 0
19.90, 0
19.91, 0
19.92, 0
19.93, 0
19.94, 0
19.95, 0
19.96, 0
19.97, 0
19.98, 0
19.99, 0
20.00, 0
20.01, 0
20.02, 0
20.03, 0
20.04, 0
20.05, 0
20.06, 0
20.07, 0
20.08, 0
20.09, 0
20.10, 0
20.11, 0
20.12, 0
20.13, 0
20.14, 0
20.15, 0
20.16, 0
20.17, 0
20.18, 0
20.19, 0
20.20, 0
20.21, 0
20.22, 0
20.23, 0
20.24, 0
20.25, 0
20.26, 0
20.27, 0
20.28, 0
20.29, 0
20.30, 0
20.31, 0
20.32, 0
20.33, 0
20.34, 0
20.35, 0
20.36, 0
20.37, 0
20.38, 0
20.39, 0
20.40, 0
20.41, 0
20.42, 0
20.43, 0
20.44, 0
20.45, 0
20.46, 0
20.47, 0 
